ID,Title,Price,Image
1,Nissan X-Trail,28990,https://provanmotors.be/uploads/images/cars/big/Nissan-X-Trail-22-0427-01.jpg
2,Volkswagen up!,13990,https://provanmotors.be/uploads/images/cars/big/Volkswagen-up!-22-0430-01.jpg
3,BMW X5,,https://provanmotors.be/uploads/images/cars/big/BMW-X5-22-0425-01.jpg
4,Jaguar F-Pace,,https://provanmotors.be/uploads/images/cars/big/Jaguar-F-Pace-22-0439-01.jpg
5,Mercedes-Benz GLE 250,33990,https://provanmotors.be/uploads/images/cars/big/Mercedes-Benz-GLE-250-22-0440-01.jpg
6,Audi A7,36990,https://provanmotors.be/uploads/images/cars/big/Audi-A7-21-0781-1.jpg
7,Audi A3,22990,https://provanmotors.be/uploads/images/cars/big/Audi-A3-21-0884-01.jpg
8,Mazda MX-5,23950,https://provanmotors.be/uploads/images/cars/big/Mazda-MX-5-21-0896-01.jpg
9,Nissan Qashqai,13950,https://provanmotors.be/uploads/images/cars/big/Nissan-Qashqai-22-0418-01.jpg
10,BMW 740,42990,https://provanmotors.be/uploads/images/cars/big/BMW-740-22-0433-01.jpg
11,Volkswagen Golf,18990,https://provanmotors.be/uploads/images/cars/big/Volkswagen-Golf-22-0438-01.jpg
12,Audi A6,30990,https://provanmotors.be/uploads/images/cars/big/Audi-A6-22-0381-01.jpg
13,Audi A5,18990,https://provanmotors.be/uploads/images/cars/big/Audi-A5-22-0437-01.jpg
14,Porsche Macan,50990,https://provanmotors.be/uploads/images/cars/big/Porsche-Macan-22-0436-01.jpg
15,Toyota C-HR,15990,https://provanmotors.be/uploads/images/cars/big/Toyota-C-HR-22-0426-01.jpg
16,Volkswagen Amarok,27990,https://provanmotors.be/uploads/images/cars/big/Volkswagen-Amarok-22-0428-01.jpg
17,Audi A4 Avant,,https://provanmotors.be/uploads/images/cars/big/Audi-A4-Avant-22-0390-01.jpg
18,BMW 218,,https://provanmotors.be/uploads/images/cars/big/BMW-218-22-0404-01.jpg
19,Skoda Superb,,https://provanmotors.be/uploads/images/cars/big/Skoda-Superb-22-0393-01.jpg
20,BMW M4,48990,https://provanmotors.be/uploads/images/cars/big/BMW-M4-22-0424-17.jpg
21,Land Rover Discovery Sport,26990,https://provanmotors.be/uploads/images/cars/big/Land-Rover-Discovery-Sport-22-0400-01.jpg
22,BMW X1,24990,https://provanmotors.be/uploads/images/cars/big/BMW-X1-22-0384-01.jpg
23,Opel Karl,7750,https://provanmotors.be/uploads/images/cars/big/Opel-Karl-22-0394-01.jpg
24,Porsche Cayenne,44990,https://provanmotors.be/uploads/images/cars/big/Porsche-Cayenne-22-0423-01.jpg
25,Opel Insignia,17990,https://provanmotors.be/uploads/images/cars/big/Opel-Insignia-22-0419-01.jpg
26,BMW 420,24990,https://provanmotors.be/uploads/images/cars/big/BMW-420-22-0402-01.jpg
27,Skoda Superb,17990,https://provanmotors.be/uploads/images/cars/big/Skoda-Superb-22-0387-01.jpg
28,Mercedes-Benz V 250,46990,https://provanmotors.be/uploads/images/cars/big/Mercedes-Benz-V-250-22-0409-01.jpg
29,Bentley Continental,129990,https://provanmotors.be/uploads/images/cars/big/Bentley-Continental-22-0421-01.jpg
30,Land Rover Range Rover Sport,,https://provanmotors.be/uploads/images/cars/big/Land-Rover-Range-Rover-Sport-22-0412-01.jpg
31,Volkswagen T5 Transporter,20990,https://provanmotors.be/uploads/images/cars/big/Volkswagen-T5-Transporter-22-0414-01.jpg
32,BMW X5,,https://provanmotors.be/uploads/images/cars/big/BMW-X5-22-0417-01.jpg
33,Mercedes-Benz GLA 180,27990,https://provanmotors.be/uploads/images/cars/big/Mercedes-Benz-GLA-180-22-0413-01.jpg
34,Land Rover Range Rover Evoque,25990,https://provanmotors.be/uploads/images/cars/big/Land-Rover-Range-Rover-Evoque-22-0410-01.jpg
35,Audi Q7,55990,https://provanmotors.be/uploads/images/cars/big/Audi-Q7-22-0411-01.jpg
36,Porsche Cayenne,,https://provanmotors.be/uploads/images/cars/big/Porsche-Cayenne-22-0403-01.jpg
37,Opel Mokka,13990,https://provanmotors.be/uploads/images/cars/big/Opel-Mokka-22-0382-01.jpg
38,Jaguar E-Pace,35990,https://provanmotors.be/uploads/images/cars/big/Jaguar-E-Pace-22-0406-01.jpg
39,Land Rover Discovery,44990,https://provanmotors.be/uploads/images/cars/big/Land-Rover-Discovery-22-0407-01.jpg
40,Renault Scenic,17750,https://provanmotors.be/uploads/images/cars/big/Renault-Scenic-22-0397-01.jpg
41,Land Rover Discovery Sport,27990,https://provanmotors.be/uploads/images/cars/big/Land-Rover-Discovery-Sport-22-0405-01.jpg
42,Mercedes-Benz GLC 220,35990,https://provanmotors.be/uploads/images/cars/big/Mercedes-Benz-GLC-220-22-0401-01.jpg
43,Fiat 500,,https://provanmotors.be/uploads/images/cars/big/Fiat-500-22-0389-01.jpg
44,Audi A6,38750,https://provanmotors.be/uploads/images/cars/big/Audi-A6-22-0383-01.jpg
45,Mercedes-Benz GLC 350,,https://provanmotors.be/uploads/images/cars/big/Mercedes-Benz-GLC-22-0391-05.jpg
46,Volkswagen up!,12990,https://provanmotors.be/uploads/images/cars/big/Volkswagen-up!-22-0388-01.jpg
47,Jaguar XE,,https://provanmotors.be/uploads/images/cars/big/Jaguar-XE-22-0399-01.jpg
48,Tesla Model S,49990,https://provanmotors.be/uploads/images/cars/big/Tesla-Model-S-22-0285-45.jpg
49,BMW 420,23750,https://provanmotors.be/uploads/images/cars/big/BMW-420-22-0398-01.jpeg
50,BMW X5,,https://provanmotors.be/uploads/images/cars/big/BMW-X5-22-0396-01.jpg
51,Porsche Cayenne,49990,https://provanmotors.be/uploads/images/cars/big/Porsche-Cayenne-22-0386-04.jpg
52,Land Rover Discovery Sport,23990,https://provanmotors.be/uploads/images/cars/big/Land-Rover-Discovery-Sport-22-0385-01.jpg
53,BMW X4,29990,https://provanmotors.be/uploads/images/cars/big/BMW-X4-22-0380-01.jpg
54,Mercedes-Benz GLA 180,,https://provanmotors.be/uploads/images/cars/big/Mercedes-Benz-GLA-180-22-0379-01.jpg
55,Mercedes-Benz C 200,18990,https://provanmotors.be/uploads/images/cars/big/Mercedes-Benz-C-200-22-0377-01.jpg
56,Peugeot 5008,25990,https://provanmotors.be/uploads/images/cars/big/Peugeot-5008-22-0372-01.jpg
57,Jaguar F-Pace,,https://provanmotors.be/uploads/images/cars/big/Jaguar-F-Pace-22-0373-01.jpg
58,Audi Q8,69990,https://provanmotors.be/uploads/images/cars/big/Audi-Q8-22-0370-04.jpg
59,BMW 116,,https://provanmotors.be/uploads/images/cars/big/BMW-116-22-0371-01.jpg
60,Audi Q7,49990,https://provanmotors.be/uploads/images/cars/big/Audi-Q7-22-0365-01.jpg
61,Mercedes-Benz V 250,,https://provanmotors.be/uploads/images/cars/big/Mercedes-Benz-V-250-22-0366-01.jpg
62,Audi A5,,https://provanmotors.be/uploads/images/cars/big/Audi-A5-22-0363-01.jpg
63,BMW 318,22750,https://provanmotors.be/uploads/images/cars/big/BMW-318-22-0361-01.jpg
64,BMW 740,49990,https://provanmotors.be/uploads/images/cars/big/BMW-740-22-0362-01.jpg
65,BMW 520,38990,https://provanmotors.be/uploads/images/cars/big/BMW-520d-22-0347-01.jpg
66,Tesla Model S,43750,https://provanmotors.be/uploads/images/cars/big/Tesla-Model-S-22-0358-01.jpg
67,MINI One,15750,https://provanmotors.be/uploads/images/cars/big/MINI-One-22-0355-01.jpg
68,Mercedes-Benz C 300,,https://provanmotors.be/uploads/images/cars/big/Mercedes-Benz-C-300-22-0356-01.jpg
69,Land Rover Range Rover Velar,47990,https://provanmotors.be/uploads/images/cars/big/Land-Rover-Range-Rover-Velar-22-0343-01.jpg
70,Volkswagen Golf,,https://provanmotors.be/uploads/images/cars/big/Volkswagen-Golf-22-0346-01.jpg
71,Volvo XC60,49990,https://provanmotors.be/uploads/images/cars/big/Volvo-XC60-22-0348-01.jpg
72,Mercedes-Benz CLA 180,,https://provanmotors.be/uploads/images/cars/big/Mercedes-Benz-CLA-180-22-0323-01.jpg
73,Jaguar XF,28990,https://provanmotors.be/uploads/images/cars/big/Jaguar-XF-22-0342-01.jpg
74,BMW X6,41750,https://provanmotors.be/uploads/images/cars/big/BMW-X6-22-0339-01.jpg
75,Mercedes-Benz C 180,24750,https://provanmotors.be/uploads/images/cars/big/Mercedes-Benz-C-180-22-0333-01.jpg
76,BMW X6,,https://provanmotors.be/uploads/images/cars/big/BMW-X6-22-0331-01.jpg
77,Audi A6,29990,https://provanmotors.be/uploads/images/cars/big/Audi-A6-22-0330-18.jpg
78,Opel Crossland X,20990,https://provanmotors.be/uploads/images/cars/big/Opel-Crossland-X-22-0329-01.jpg
79,Ford Ranger,,https://provanmotors.be/uploads/images/cars/big/Ford-Ranger-22-0327-01.jpg
80,Alfa Romeo Stelvio,31990,https://provanmotors.be/uploads/images/cars/big/Alfa-Romeo-Stelvio-22-0322-01.jpg
81,Land Rover Discovery Sport,39990,https://provanmotors.be/uploads/images/cars/big/Land-Rover-Discovery-Sport-22-0325-01.jpg
82,Audi A5,,https://provanmotors.be/uploads/images/cars/big/Audi-A5-22-0314-01.jpg
83,Volkswagen Amarok,45990,https://provanmotors.be/uploads/images/cars/big/Volkswagen-Amarok-22-0273-01.jpg
84,Jaguar F-Type,46990,https://provanmotors.be/uploads/images/cars/big/Jaguar-F-Type-22-0307-01.jpg
85,Ford Mustang,,https://provanmotors.be/uploads/images/cars/big/Ford-Mustang-22-0306-01.jpg
86,Porsche Cayenne,,https://provanmotors.be/uploads/images/cars/big/Porsche-Cayenne-22-0300-01.jpg
87,Land Rover Range Rover Evoque,,https://provanmotors.be/uploads/images/cars/big/Land-Rover-Range-Rover-Evoque-22-0275-01.jpeg
88,Mitsubishi Pajero,28750,https://provanmotors.be/uploads/images/cars/big/Mitsubishi-Pajero-22-0292-01.jpg
89,Land Rover Discovery Sport,,https://provanmotors.be/uploads/images/cars/big/Land-Rover-Discovery-Sport-22-0293-01.jpg
90,Toyota Hilux,42990,https://provanmotors.be/uploads/images/cars/big/Toyota-Hilux-22-0288-01.jpg
91,Jaguar F-Pace,,https://provanmotors.be/uploads/images/cars/big/Jaguar-F-Pace-22-0277-01.jpg
92,Audi Q7,42990,https://provanmotors.be/uploads/images/cars/big/Audi-Q7-22-0296-01.jpg
93,BMW X6,40990,https://provanmotors.be/uploads/images/cars/big/BMW-X6-22-0294-01.jpg
94,Audi A4,25990,https://provanmotors.be/uploads/images/cars/big/Audi-A4-22-0274-01.jpg
95,BMW 420,24990,https://provanmotors.be/uploads/images/cars/big/BMW-420-22-0282-01.jpeg
96,BMW X6,42990,https://provanmotors.be/uploads/images/cars/big/BMW-X6-22-0270-01.jpg
97,Audi A4,25950,https://provanmotors.be/uploads/images/cars/big/Audi-A4-22-0265-01.jpg
98,Skoda Kodiaq,25990,https://provanmotors.be/uploads/images/cars/big/Skoda-Kodiaq-22-0253-01.jpg
99,Mercedes-Benz C 250,23990,https://provanmotors.be/uploads/images/cars/big/Mercedes-Benz-C-250-22-0250-01.jpg
100,Audi S4,45990,https://provanmotors.be/uploads/images/cars/big/Audi-S4-22-0247-01.jpg
101,BMW X5,43990,https://provanmotors.be/uploads/images/cars/big/BMW-X5-22-0246-01.jpg
102,Volvo XC60,,https://provanmotors.be/uploads/images/cars/big/Volvo-XC60-22-0243-01.jpg
103,Volvo S60,19990,https://provanmotors.be/uploads/images/cars/big/Volvo-S60-22-0230-01.jpg
104,Porsche Cayenne,,https://provanmotors.be/uploads/images/cars/big/Porsche-Cayenne-22-0240-01.jpg
105,BMW X5,38990,https://provanmotors.be/uploads/images/cars/big/BMW-X5-22-0233-01.jpg
106,Porsche Panamera,46990,https://provanmotors.be/uploads/images/cars/big/Porsche-Panamera-22-0238-01.jpg
107,BMW 318,15990,https://provanmotors.be/uploads/images/cars/big/BMW-318-22-0228-01.jpg
108,BMW 318,20750,https://provanmotors.be/uploads/images/cars/big/BMW-318d-22-0221-01.jpeg
109,Mercedes-Benz GLA 180,,https://provanmotors.be/uploads/images/cars/big/Mercedes-Benz-GLA-180-22-0224-01.jpeg
110,Mercedes-Benz C 250,22990,https://provanmotors.be/uploads/images/cars/big/Mercedes-Benz-C-250-22-0226-01.jpeg
111,BMW X1,24990,https://provanmotors.be/uploads/images/cars/big/BMW-X1-22-0220-01.jpeg
112,MINI One,18990,https://provanmotors.be/uploads/images/cars/big/MINI-One-22-0208-01.jpg
113,Volvo XC40,28990,https://provanmotors.be/uploads/images/cars/big/Volvo-XC40-22-0209-01.jpg
114,Cadillac ATS,20990,https://provanmotors.be/uploads/images/cars/big/Cadillac-Cadillac-22-0176-01.jpg
115,Audi Q7,,https://provanmotors.be/uploads/images/cars/big/Audi-Q7-22-0198-01.jpg
116,Mercedes-Benz CLA 250,24990,https://provanmotors.be/uploads/images/cars/big/Mercedes-Benz-CLA-250-22-0199-01.jpeg
117,Audi A4,20990,https://provanmotors.be/uploads/images/cars/big/Audi-A4-22-0203-01.jpg
118,Mercedes-Benz E 200,14990,https://provanmotors.be/uploads/images/cars/big/Mercedes-Benz-E-200-22-0207-01.jpeg
119,Skoda Kodiaq,26990,https://provanmotors.be/uploads/images/cars/big/Skoda-Kodiaq-22-0205-01.jpg
120,Audi A4 Allroad,22990,https://provanmotors.be/uploads/images/cars/big/Audi-A4-22-0200-01.jpg
121,Fiat 595 Abarth,17990,https://provanmotors.be/uploads/images/cars/big/Fiat-595-Abarth-22-0173-01.jpg
122,BMW 318,22990,https://provanmotors.be/uploads/images/cars/big/BMW-318d-22-0171-01.jpeg
123,Jaguar F-Pace,33990,https://provanmotors.be/uploads/images/cars/big/Jaguar-F-Pace-22-0183-01.jpg
124,Land Rover Defender,75990,https://provanmotors.be/uploads/images/cars/big/Land-Rover-Defender-22-0165-01.jpg
125,Porsche Panamera,,https://provanmotors.be/uploads/images/cars/big/Porsche-Panamera-22-0184-01.jpg
126,BMW M2,,https://provanmotors.be/uploads/images/cars/big/BMW-M2-22-0185-01.jpg
127,Audi A6,,https://provanmotors.be/uploads/images/cars/big/Audi-A6-22-0172-01.jpg
128,Volvo V40,16990,https://provanmotors.be/uploads/images/cars/big/Volvo-V40-22-0168-01.jpg
129,Land Rover Range Rover Evoque,,https://provanmotors.be/uploads/images/cars/big/Land-Rover-Range-Rover-Evoque-22-0166-01.jpg
130,Peugeot 5008,9990,https://provanmotors.be/uploads/images/cars/big/Peugeot-5008-22-0138-01.jpg
131,Porsche Cayenne,52990,https://provanmotors.be/uploads/images/cars/big/Porsche-Cayenne-22-0162-01.jpg
132,Peugeot 5008,29990,https://provanmotors.be/uploads/images/cars/big/Peugeot-5008-22-0146-01.jpg
133,BMW 218 Gran Tourer,19990,https://provanmotors.be/uploads/images/cars/big/BMW-218-22-0041-01_1.jpg
134,Mercedes-Benz ML 250,25990,https://provanmotors.be/uploads/images/cars/big/Mercedes-Benz-ML-250-22-0140-01.jpg
135,BMW 740,44990,https://provanmotors.be/uploads/images/cars/big/BMW-740-22-0151-01.jpg
136,Mercedes-Benz GLE 250,45990,https://provanmotors.be/uploads/images/cars/big/Mercedes-Benz-GLE-250-22-0139-01.jpg
137,Volvo XC40,34990,https://provanmotors.be/uploads/images/cars/big/Volvo-XC40-22-0134-01.jpg
138,Porsche 911,44990,https://provanmotors.be/uploads/images/cars/big/Porsche-911-22-0132-01.jpg
139,BMW X5,35990,https://provanmotors.be/uploads/images/cars/big/BMW-X5-22-0125-01.jpg
140,Jaguar F-Pace,36750,https://provanmotors.be/uploads/images/cars/big/Jaguar-F-Pace-22-0124-01.jpg
141,Mercedes-Benz GLC 350,,https://provanmotors.be/uploads/images/cars/big/Mercedes-Benz-GLC-350-22-0122-01.jpg
142,Renault Kadjar,,https://provanmotors.be/uploads/images/cars/big/Renault-Kadjar-22-0104-01.jpg
143,Jaguar F-Pace,,https://provanmotors.be/uploads/images/cars/big/Jaguar-F-Pace-22-0114-01.jpg
144,Land Rover Discovery Sport,,https://provanmotors.be/uploads/images/cars/big/Land-Rover-Discovery-Sport-22-0086-01.jpg
145,Tesla Model 3,,https://provanmotors.be/uploads/images/cars/big/Tesla-Model-3-21-0991-01.jpg
146,Volkswagen Sharan,18990,https://provanmotors.be/uploads/images/cars/big/Volkswagen-Sharan-22-0102-01.jpg
147,Jaguar I-Pace,59990,https://provanmotors.be/uploads/images/cars/big/Jaguar-I-Pace-22-0105-01.jpg
148,Tesla Model S,,https://provanmotors.be/uploads/images/cars/big/Tesla-Model-S-22-0106-01.jpg
149,Land Rover Discovery Sport,38990,https://provanmotors.be/uploads/images/cars/big/Land-Rover-Discovery-Sport-22-0101-01.jpg
150,Volkswagen Beetle,12990,https://provanmotors.be/uploads/images/cars/big/Volkswagen-Beetle-22-0099-01.jpg
151,Volvo XC60,23990,https://provanmotors.be/uploads/images/cars/big/Volvo-XC-60-22-0085-01.jpg
152,Land Rover Range Rover Evoque,27990,https://provanmotors.be/uploads/images/cars/big/Land-Rover-Range-Rover-Evoque-22-0077-01.jpg
153,BMW 316,17990,https://provanmotors.be/uploads/images/cars/big/BMW-316-22-0067-01.jpg
154,Audi Q3,19990,https://provanmotors.be/uploads/images/cars/big/Audi-Q3-22-0088-01.jpg
155,Jaguar F-Pace,45990,https://provanmotors.be/uploads/images/cars/big/Jaguar-F-Pace-22-0071-01.jpg
156,Ford Ranger,,https://provanmotors.be/uploads/images/cars/big/Ford-Ranger-22-0055-01.jpg
157,BMW X5,,https://provanmotors.be/uploads/images/cars/big/BMW-X5-22-0046-01.jpg
158,BMW 520,35990,https://provanmotors.be/uploads/images/cars/big/BMW-520-22-0047-01.jpg
159,Ford Ranger,29990,https://provanmotors.be/uploads/images/cars/big/Ford-Ranger-22-0044-01.jpg
160,Subaru Levorg,22990,https://provanmotors.be/uploads/images/cars/big/Subaru-Levorg-22-0020-32.jpg
161,Toyota RAV 4,33990,https://provanmotors.be/uploads/images/cars/big/Toyota-RAV-4-21-1050-01.jpg
162,Tesla Model X,68990,https://provanmotors.be/uploads/images/cars/big/Tesla-Model-X-21-1056-01.jpg
163,Land Rover Defender,,https://provanmotors.be/uploads/images/cars/big/Land-Rover-Defender-21-1055-01.jpg
164,Land Rover Range Rover Sport,44750,https://provanmotors.be/uploads/images/cars/big/Land-Rover-Range-Rover-Sport-21-1033-01.jpg
165,Ford Ranger,,https://provanmotors.be/uploads/images/cars/big/Ford-Ranger-21-1039-01.jpg
166,BMW 530,35990,https://provanmotors.be/uploads/images/cars/big/BMW-530-e-Iperformance-21-1032-01.jpeg
167,Land Rover Range Rover Sport,39990,https://provanmotors.be/uploads/images/cars/big/Land-Rover-Range-Rover-Sport-21-1019-01.jpg
168,Land Rover Range Rover Velar,59990,https://provanmotors.be/uploads/images/cars/big/Land-Rover-Range-Rover-Velar-21-0985-35.jpg
169,Ford Ranger,33750,https://provanmotors.be/uploads/images/cars/big/Ford-Ranger-21-0992-01.jpg
170,Porsche Panamera,,https://provanmotors.be/uploads/images/cars/big/Porsche-Panamera-21-0987-01.jpg
171,Volvo XC60,20750,https://provanmotors.be/uploads/images/cars/big/Volvo-XC-60-21-0967-16.jpg
172,BMW 420,25750,https://provanmotors.be/uploads/images/cars/big/BMW-420-21-0958-01.jpg
173,BMW 318,8990,https://provanmotors.be/uploads/images/cars/big/BMW-318-21-0948-01.jpg
174,Volvo V60 Cross Country,22990,https://provanmotors.be/uploads/images/cars/big/Volvo-V60-21-0917-01_1.jpg
175,Porsche 911,,https://provanmotors.be/uploads/images/cars/big/Porsche-911-21-0918-01.jpg
176,Volvo V40,20990,https://provanmotors.be/uploads/images/cars/big/Volvo-V40-21-0925-15.jpg
177,Volvo XC40,34990,https://provanmotors.be/uploads/images/cars/big/Volvo-XC-40-21-0898-01.jpg
178,Maserati Ghibli,35990,https://provanmotors.be/uploads/images/cars/big/Maserati-Ghibli-21-0891-01.jpg
179,Nissan Qashqai,,https://provanmotors.be/uploads/images/cars/big/Nissan-Qashqai-21-0853-01.jpg
180,Maserati Ghibli,37990,https://provanmotors.be/uploads/images/cars/big/Maserati-Ghibli-21-0852-1.jpg
181,Volvo V60,19750,https://provanmotors.be/uploads/images/cars/big/Volvo-V60-21-0845-1.jpg
182,Tesla Model S,,https://provanmotors.be/uploads/images/cars/big/Tesla-Model-S-21-0812-1.jpg
183,Alfa Romeo Stelvio,37990,https://provanmotors.be/uploads/images/cars/big/Alfa-Romeo-Stelvio-21-0682-1.jpeg
184,Audi A7,,https://provanmotors.be/uploads/images/cars/big/Audi-A7-21-0600-1.jpg
185,Land Rover Discovery Sport,,https://provanmotors.be/uploads/images/cars/big/Land-Rover-Discovery-Sport-21-0572-1.jpg
186,BMW 320,,https://provanmotors.be/uploads/images/cars/big/BMW-320-21-0431-1.jpg
187,BMW 318,,https://provanmotors.be/uploads/images/cars/big/BMW-318-20-0082-1.jpg
188,Hyundai iX35,12990,https://provanmotors.be/uploads/images/cars/big/Hyundai-iX35-20-0464-1.jpg
